{
  "$jsonSchema": {
    "bsonType": "object",
    "required": [
      "productId",
      "prices"
    ],
    "properties": {
      "productId": {
        "bsonType": "long",
        "description": "productId is a required field and must be a long value"
      },
      "prices": {
        "additionalProperties": false,
        "bsonType": "object",
        "required": [
          "currentPrice",
          "regularPrice",
          "initialPrice"
        ],
        "properties": {
          "currentPrice": {
            "bsonType": "object",
            "required": [
              "value",
              "currencyCode"
            ],
            "additionalProperties": false,
            "properties": {
              "value": {
                "bsonType": "double",
                "description": "price value"
              },
              "currencyCode": {
                "bsonType": "string",
                "description": "currency code"
              }
            }
          },
          "regularPrice": {
            "bsonType": "object",
            "required": [
              "value",
              "currencyCode"
            ],
            "additionalProperties": false,
            "properties": {
              "value": {
                "bsonType": "double",
                "description": "price value"
              },
              "currencyCode": {
                "bsonType": "string",
                "description": "currency code"
              }
            }
          },
          "initialPrice": {
            "bsonType": "object",
            "required": [
              "value",
              "currencyCode"
            ],
            "additionalProperties": false,
            "properties": {
              "value": {
                "bsonType": "double",
                "description": "price value"
              },
              "currencyCode": {
                "bsonType": "string",
                "description": "currency code"
              }
            }
          }
        }
      }
    }
  }
}
