{"_type":"export","__export_format":4,"__export_date":"2023-08-07T00:49:54.580Z","__export_source":"insomnia.desktop.app:v2023.1.0","resources":[{"_id":"req_8e5813ce8faa4088a340513cdb9f88f8","parentId":"wrk_9c6f13c889ab47e79a71b3d0f32f1c35","modified":1691215009617,"created":1691214649796,"url":"http://localhost:9091/my_retail/attributes/v1/products/1?excludes=department,unit_of_measure&key=TOKENONE","name":"Get Attributes Core - excludes","description":"","method":"GET","body":{},"parameters":[],"headers":[],"authentication":{"type":"bearer","token":"`sometoken`","prefix":"Bearer"},"metaSortKey":-1691214649796,"isPrivate":false,"settingStoreCookies":true,"settingSendCookies":true,"settingDisableRenderRequestBody":false,"settingEncodeUrl":true,"settingRebuildPath":true,"settingFollowRedirects":"global","_type":"request"},{"_id":"wrk_9c6f13c889ab47e79a71b3d0f32f1c35","parentId":null,"modified":1691366233789,"created":1691214645658,"name":"myretail-collections","description":"","scope":"collection","_type":"workspace"},{"_id":"req_4384f567abdc4da28be5f10120a52313","parentId":"wrk_9c6f13c889ab47e79a71b3d0f32f1c35","modified":1691369324853,"created":1691215268987,"url":"http://localhost:9091/my_retail/prices/v1/products/1734934","name":"Post Prices Core ","description":"","method":"POST","body":{"mimeType":"application/json","text":"{\n\"prices\": { \"current_price\": {\n\"value\": \"1.49\",\n\"currency_code\": \"USD\" },\n\"regular_price\": { \"value\": \"1.49\", \"currency_code\": \"USD\"\n}, \"initial_price\": {\n\"value\": \"1.49\",\n\"currency_code\": \"USD\" }\n} }"},"parameters":[],"headers":[{"id":"pair_b3a1aa320b3546f5bf4c56f91be92f1d","name":"x-api-key","value":"TOKENONE","description":""},{"name":"Content-Type","value":"application/json"}],"authentication":{"type":"bearer","token":"`sometoken`","prefix":"Bearer"},"metaSortKey":-1686824898468,"isPrivate":false,"settingStoreCookies":true,"settingSendCookies":true,"settingDisableRenderRequestBody":false,"settingEncodeUrl":true,"settingRebuildPath":true,"settingFollowRedirects":"global","_type":"request"},{"_id":"req_9f4467c3ab2e42f4959eccdfc96a652d","parentId":"wrk_9c6f13c889ab47e79a71b3d0f32f1c35","modified":1691369334867,"created":1691215517735,"url":"http://localhost:9091/my_retail/prices/v1/products/1734934","name":"Get Prices Core","description":"","method":"GET","body":{},"parameters":[],"headers":[{"id":"pair_b3a1aa320b3546f5bf4c56f91be92f1d","name":"x-api-key","value":"TOKENONE","description":""}],"authentication":{"type":"bearer","token":"`sometoken`","prefix":"Bearer"},"metaSortKey":-1686276179552,"isPrivate":false,"settingStoreCookies":true,"settingSendCookies":true,"settingDisableRenderRequestBody":false,"settingEncodeUrl":true,"settingRebuildPath":true,"settingFollowRedirects":"global","_type":"request"},{"_id":"req_613558d05eed4bb5b2a5e69a25633306","parentId":"wrk_9c6f13c889ab47e79a71b3d0f32f1c35","modified":1691369344781,"created":1691215564942,"url":"http://localhost:9091/my_retail/prices/v1/products/1734934/price_types/current_price","name":"Put Prices Core ","description":"","method":"PUT","body":{"mimeType":"application/json","text":"{\n\"value\":120.99,\n\"currency_code\":\"USD\" \n}"},"parameters":[],"headers":[{"id":"pair_b3a1aa320b3546f5bf4c56f91be92f1d","name":"x-api-key","value":"TOKENONE","description":""},{"name":"Content-Type","value":"application/json"}],"authentication":{"type":"bearer","token":"`sometoken`","prefix":"Bearer"},"metaSortKey":-1685727460636,"isPrivate":false,"settingStoreCookies":true,"settingSendCookies":true,"settingDisableRenderRequestBody":false,"settingEncodeUrl":true,"settingRebuildPath":true,"settingFollowRedirects":"global","_type":"request"},{"_id":"req_11322635621141d898267537bf8c172a","parentId":"wrk_9c6f13c889ab47e79a71b3d0f32f1c35","modified":1691369354772,"created":1691215740662,"url":"http://localhost:9091/my_retail/details/v1/products/1734934?key=TOKENONE","name":"Get Details Aggregation","description":"","method":"GET","body":{},"parameters":[],"headers":[{"id":"pair_b3a1aa320b3546f5bf4c56f91be92f1d","name":"x-api-key","value":"TOKENONE","description":""}],"authentication":{"type":"bearer","token":"`sometoken`","prefix":"Bearer"},"metaSortKey":-1685727460586,"isPrivate":false,"settingStoreCookies":true,"settingSendCookies":true,"settingDisableRenderRequestBody":false,"settingEncodeUrl":true,"settingRebuildPath":true,"settingFollowRedirects":"global","_type":"request"},{"_id":"env_8e7ce44caf8e56de4be7a3afbb1213b1dd2aae55","parentId":"wrk_9c6f13c889ab47e79a71b3d0f32f1c35","modified":1691214645662,"created":1691214645662,"name":"Base Environment","data":{},"dataPropertyOrder":null,"color":null,"isPrivate":false,"metaSortKey":1691214645662,"_type":"environment"},{"_id":"jar_8e7ce44caf8e56de4be7a3afbb1213b1dd2aae55","parentId":"wrk_9c6f13c889ab47e79a71b3d0f32f1c35","modified":1691214645664,"created":1691214645664,"name":"Default Jar","cookies":[],"_type":"cookie_jar"},{"_id":"spc_bd11769971e44c93ab00fb482fa16e91","parentId":"wrk_9c6f13c889ab47e79a71b3d0f32f1c35","modified":1691214645659,"created":1691214645659,"fileName":"My Retail - 2023","contents":"","contentType":"yaml","_type":"api_spec"}]}